P:VAL:1	1
P:ARG:2	2
P:SER:3	3
P:LEU:4	4
P:ASN:5	5
P:SER:6	6
P:ILE:7	7
P:VAL:8	8
P:ALA:9	9
P:VAL:10	10
P:CYS:11	11
P:GLN:12	12
P:ASN:13	13
P:MET:14	14
P:GLY:15	15
P:ILE:16	16
P:GLY:17	17
P:LYS:18	18
P:ASP:19	19
P:GLY:20	20
P:ASN:21	21
P:LEU:22	22
P:PRO:23	23
P:TRP:24	24
P:PRO:25	25
P:PRO:26	26
P:LEU:27	27
P:ARG:28	28
P:ASN:29	29
P:GLU:30	30
P:TYR:31	31
P:LYS:32	32
P:TYR:33	33
P:PHE:34	34
P:GLN:35	35
P:ARG:36	36
P:MET:37	37
P:THR:38	38
P:SER:39	39
P:THR:40	40
P:SER:41	41
P:HSD:42	42
P:VAL:43	43
P:GLU:44	44
P:GLY:45	45
P:LYS:46	46
P:GLN:47	47
P:ASN:48	48
P:ALA:49	49
P:VAL:50	50
P:ILE:51	51
P:MET:52	52
P:GLY:53	53
P:LYS:54	54
P:LYS:55	55
P:THR:56	56
P:TRP:57	57
P:PHE:58	58
P:SER:59	59
P:ILE:60	60
P:PRO:61	61
P:GLU:62	62
P:LYS:63	63
P:ASN:64	64
P:ARG:65	65
P:PRO:66	66
P:LEU:67	67
P:LYS:68	68
P:ASP:69	69
P:ARG:70	70
P:ILE:71	71
P:ASN:72	72
P:ILE:73	73
P:VAL:74	74
P:LEU:75	75
P:SER:76	76
P:ARG:77	77
P:GLU:78	78
P:LEU:79	79
P:LYS:80	80
P:GLU:81	81
P:ALA:82	82
P:PRO:83	83
P:LYS:84	84
P:GLY:85	85
P:ALA:86	86
P:HSD:87	87
P:TYR:88	88
P:LEU:89	89
P:SER:90	90
P:LYS:91	91
P:SER:92	92
P:LEU:93	93
P:ASP:94	94
P:ASP:95	95
P:ALA:96	96
P:LEU:97	97
P:ALA:98	98
P:LEU:99	99
P:LEU:100	100
P:ASP:101	101
P:SER:102	102
P:PRO:103	103
P:GLU:104	104
P:LEU:105	105
P:LYS:106	106
P:SER:107	107
P:LYS:108	108
P:VAL:109	109
P:ASP:110	110
P:MET:111	111
P:VAL:112	112
P:TRP:113	113
P:ILE:114	114
P:VAL:115	115
P:GLY:116	116
P:GLY:117	117
P:THR:118	118
P:ALA:119	119
P:VAL:120	120
P:TYR:121	121
P:LYS:122	122
P:ALA:123	123
P:ALA:124	124
P:MET:125	125
P:GLU:126	126
P:LYS:127	127
P:PRO:128	128
P:ILE:129	129
P:ASN:130	130
P:HSD:131	131
P:ARG:132	132
P:LEU:133	133
P:PHE:134	134
P:VAL:135	135
P:THR:136	136
P:ARG:137	137
P:ILE:138	138
P:LEU:139	139
P:HSD:140	140
P:GLU:141	141
P:PHE:142	142
P:GLU:143	143
P:SER:144	144
P:ASP:145	145
P:THR:146	146
P:PHE:147	147
P:PHE:148	148
P:PRO:149	149
P:GLU:150	150
P:ILE:151	151
P:ASP:152	152
P:TYR:153	153
P:LYS:154	154
P:ASP:155	155
P:PHE:156	156
P:LYS:157	157
P:LEU:158	158
P:LEU:159	159
P:THR:160	160
P:GLU:161	161
P:TYR:162	162
P:PRO:163	163
P:GLY:164	164
P:VAL:165	165
P:PRO:166	166
P:ALA:167	167
P:ASP:168	168
P:ILE:169	169
P:GLN:170	170
P:GLU:171	171
P:GLU:172	172
P:ASP:173	173
P:GLY:174	174
P:ILE:175	175
P:GLN:176	176
P:TYR:177	177
P:LYS:178	178
P:PHE:179	179
P:GLU:180	180
P:VAL:181	181
P:TYR:182	182
P:GLN:183	183
P:LYS:184	184
P:SER:185	185
P:VAL:186	186
H:NDP:191	NAP:NDP
